tour,categoria_tour,componente,categoria_paquete,nota
BRARCH26,Budget Hotel,OD032,Hotel 3*,"Confirmado por el owner (DECISIONS 2026-10-05): en los tours, Nacional Inn Copacabana y Copacabana Mar son el Budget Hotel de Río"
5C01,Budget Hotel,OD032,Hotel 3*,"Confirmado por el owner (DECISIONS 2026-10-05): en los tours, Nacional Inn Copacabana y Copacabana Mar son el Budget Hotel de Río"
CHB31,Hotel in SPA,OD030,Hotel 3*,"Confirmado por el owner (2026-10-06): Hotel in SPA = Hotel 3* (Don Raul / Don Tomas)"
BOCHI04R,Hotel in SPA,OD030,Hotel 3*,"Confirmado por el owner (2026-10-06): Hotel in SPA = Hotel 3* (Don Raul / Don Tomas)"
ARCH31,Budget Hotel,OD017,Hotel 3*,"Regla general confirmada por el owner (2026-10-06): en los tours largos, Budget Hotel = el Hotel 3* del paquete"
ARCH33,Hotel 3*,OD033,Budget Hotel,"Confirmado por el owner (2026-10-06): el 3* del tour en El Chaltén es el Budget del paquete (Kau Si Aike y similares)"
BRARCH26,Budget Hotel,OD010A,Hotel 3*,"Regla general confirmada por el owner (2026-10-06): en los tours largos, Budget Hotel = el Hotel 3* del paquete"
BRARCH26,Budget Hotel,OD019,Hotel 3*,"Regla general confirmada por el owner (2026-10-06): en los tours largos, Budget Hotel = el Hotel 3* del paquete"
BRARCH26,Budget Hotel,OD029,Hotel 3*,"Regla general confirmada por el owner (2026-10-06): en los tours largos, Budget Hotel = el Hotel 3* del paquete"
5C01,Budget Hotel,COMPBR10,Hotel 3*,"Regla general confirmada por el owner (2026-10-06): en los tours largos, Budget Hotel = el Hotel 3* del paquete"
5C01,Budget Hotel,OD010D,Hotel 3*,"Regla general confirmada por el owner (2026-10-06): en los tours largos, Budget Hotel = el Hotel 3* del paquete"
5C01,Budget Hotel,OD019,Hotel 3*,"Regla general confirmada por el owner (2026-10-06): en los tours largos, Budget Hotel = el Hotel 3* del paquete"
5C01,Budget Hotel,OD029,Hotel 3*,"Regla general confirmada por el owner (2026-10-06): en los tours largos, Budget Hotel = el Hotel 3* del paquete"
5C01,Budget Hotel,COMPCH01,Hotel 3*,"Regla general confirmada por el owner (2026-10-06): en los tours largos, Budget Hotel = el Hotel 3* del paquete"
5C01,Budget Hotel,CHB31,Hotel in SPA,"El componente CHB31 es un tour: su Budget equivale a su Hotel in SPA (= Hotel 3* de OD030)"
