codigo,destino,nota
OD010A,IGR,Cargado en M1-04
OD010B,IGR,Cargado en M1-04
OD010C,IGR,Cargado en M1-04
OD010D,IGR,Cargado en M1-04
OD011,IGR,Cargado en M1-04
OD013,FTE,
OD016,FTE,
OD017,PNT,
OD018,BUE,
OD019,MDZ,
OD020,BUE,
OD022,USH,
OD025,PMY,
OD029,SCL,
OD030,SPA,
OD031,LPB,
OD032,RIO,
OD033,CHA,El Chaltén: el Excel no dice destino en la columna A (a confirmar)
CH10,PNT,W Trek desde Puerto Natales: el Excel no dice destino en la columna A (a confirmar)
COMPCH01,VLP,
COMPBO20,UYU,Overland Uyuni (a confirmar)
COMPBR10,SAO,São Paulo: en el Excel está bajo SSA (a confirmar)
